now,new,first_name,last_name
1.84723E+11,1713196596,Anika,Paul
1.84723E+11,1.8132E+13,Anika,Paul 1
1.84723E+11,1.8132E+13,Anika,Paul 2
1.84723E+11,1.8132E+13,Anika,Paul 3
1.84723E+11,1.8132E+13,Anika,Paul 4
1.84723E+11,1.8132E+13,Anika,Paul 5
1.84723E+11,1.8132E+13,Anika,Paul 6
1.84723E+11,1.8132E+13,Anika,Paul 7
1.84723E+11,1.8132E+13,Anika,Paul 8
1.84723E+11,1.8132E+13,Anika,Paul 9
1838168425,1.71131E+11,Md,Kabir 40
1310282084,1825344550,Sanjila Maria,Sneha
1.71338E+11,1980134902,Mohammad Abo,Jafar
1608365200,1.31275E+11,Taskitun,Jannat 9
1703381689,1.31275E+11,Taskitun,Jannat 10
1745505111,1.71175E+11,Md Anwarul,Kabir 1
1711819107,1.71175E+11,Md Anwarul,Kabir 2
1711305042,1.71175E+11,Md Anwarul,Kabir 3
1716944215,1.71175E+11,Md Anwarul,Kabir 4
1715322177,1.71175E+11,Md Anwarul,Kabir 5
1711900468,1.71175E+11,Md Anwarul,Kabir 6
1711090345,1.71175E+11,Md Anwarul,Kabir 7
1730024901,1.71175E+11,Md Anwarul,Kabir 8
1675725450,1.71175E+11,Md Anwarul,Kabir 9
1819321056,1.71175E+11,Md Anwarul,Kabir 10
1822990088,1.71175E+11,Md Anwarul,Kabir 11
1789069281,1.71175E+11,Md Anwarul,Kabir 12
1789017218,1.71175E+11,Md Anwarul,Kabir 13
1789017118,1.71175E+11,Md Anwarul,Kabir 14